{"2": {"2": [[0.5, 0.16666666666666666, 0.041666666666666664, 0.025, 0.00625, 0.004464285714285714, 0.0011160714285714285, 0.0008680555555555555, 0.00021701388888888888, 0.0001775568181818182, 4.438920454545455e-05, 3.7560096153846156e-05, 9.390024038461539e-06, 8.138020833333333e-06, 2.0345052083333333e-06, 1.7951516544117647e-06, 4.4878791360294117e-07, 4.0154708059210524e-07, 1.0038677014802631e-07, 9.08261253720238e-08, 2.270653134300595e-08, 2.0732050356657608e-08, 5.183012589164402e-09, 4.76837158203125e-09, 1.1920928955078125e-09], [0.5, -0.16666666666666666, 0.041666666666666664, -0.025, 0.00625, -0.004464285714285714, 0.0011160714285714285, -0.0008680555555555555, 0.00021701388888888888, -0.0001775568181818182, 4.438920454545455e-05, -3.7560096153846156e-05, 9.390024038461539e-06, -8.138020833333333e-06, 2.0345052083333333e-06, -1.7951516544117647e-06, 4.4878791360294117e-07, -4.0154708059210524e-07, 1.0038677014802631e-07, -9.08261253720238e-08, 2.270653134300595e-08, -2.0732050356657608e-08, 5.183012589164402e-09, -4.76837158203125e-09, 1.1920928955078125e-09]], "3": [[0.0, 0.08333333333333333, 0.0, 0.0125, 0.0, 0.002232142857142857, 0.0, 0.00043402777777777775, 0.0, 8.87784090909091e-05, 0.0, 1.8780048076923078e-05, 0.0, 4.069010416666667e-06, 0.0, 8.975758272058823e-07, 0.0, 2.0077354029605262e-07, 0.0, 4.54130626860119e-08, 0.0, 1.0366025178328804e-08, 0.0, 2.384185791015625e-09, 0.0], [1.0, 0.0, 0.08333333333333333, 0.0, 0.0125, 0.0, 0.002232142857142857, 0.0, 0.00043402777777777775, 0.0, 8.87784090909091e-05, 0.0, 1.8780048076923078e-05, 0.0, 4.069010416666667e-06, 0.0, 8.975758272058823e-07, 0.0, 2.0077354029605262e-07, 0.0, 4.54130626860119e-08, 0.0, 1.0366025178328804e-08, 0.0, 2.384185791015625e-09], [0.0, -0.08333333333333333, 0.0, -0.0125, 0.0, -0.002232142857142857, 0.0, -0.00043402777777777775, 0.0, -8.87784090909091e-05, 0.0, -1.8780048076923078e-05, 0.0, -4.069010416666667e-06, 0.0, -8.975758272058823e-07, 0.0, -2.0077354029605262e-07, 0.0, -4.54130626860119e-08, 0.0, -1.0366025178328804e-08, 0.0, -2.384185791015625e-09, 0.0]]}, "3": {"5": [[0.2, 0.0873439595088893, 0.037343959508889316, 0.013101593926333397, 0.006930848466190567, 0.0023395703439881062, 0.0013695220018849392, 0.00045491645577546515, 0.0002826132529250882, 9.30510932267997e-05, 6.011792403755186e-05, 1.9683885105669165e-05, 1.3075702903646024e-05, 4.264841772894986e-06, 2.8924591647837942e-06, 9.40773920491541e-07, 6.48385183813461e-07, 2.1043627168889732e-07, 1.469063640279003e-07, 4.759868050106011e-08, 3.3578765476877564e-08, 1.0864916201328938e-08, 7.73181636473073e-09, 2.4989307263056558e-09, 1.7914640326323597e-09], [0.3481549255879739, 0.05343827254768414, 0.0058426915783703, 0.008015740882152622, -0.0006131103345705085, 0.0014313823003843968, -0.00025725324142390565, 0.0002783243361858549, -6.83060429088894e-05, 5.69299778561976e-05, -1.6560940460723028e-05, 1.2042879931118723e-05, -3.904941550989456e-06, 2.60929065174239e-06, -9.126211602108227e-07, 5.755788202372919e-07, -2.129031664835788e-07, 1.2874789400044686e-07, -4.972170838656135e-08, 2.912154745248203e-08, -1.1638712525324523e-08, 6.647309744588289e-09, -2.7318503860452145e-09, 1.5288812412553067e-09, -6.430568172292811e-10], [-0.09630985117594769, 0.0, -0.003039968841185913, 0.0, -0.0001354762632401192, 0.0, 7.60533622078905e-06, 0.0, 5.413357745379961e-06, 0.0, 1.6644419372514067e-06, 0.0, 4.385253716099331e-07, 0.0, 1.093344075207218e-07, 0.0, 2.661179254611757e-08, 0.0, 6.404229013374636e-09, 0.0, 1.5329567829057823e-09, 0.0, 3.660932209577674e-10, 0.0, 8.737136020946626e-11], [0.3481549255879739, -0.05343827254768414, 0.0058426915783703, -0.008015740882152622, -0.0006131103345705085, -0.0014313823003843968, -0.00025725324142390565, -0.0002783243361858549, -6.83060429088894e-05, -5.69299778561976e-05, -1.6560940460723028e-05, -1.2042879931118723e-05, -3.904941550989456e-06, -2.60929065174239e-06, -9.126211602108227e-07, -5.755788202372919e-07, -2.129031664835788e-07, -1.2874789400044686e-07, -4.972170838656135e-08, -2.912154745248203e-08, -1.1638712525324523e-08, -6.647309744588289e-09, -2.7318503860452145e-09, -1.5288812412553067e-09, -6.430568172292811e-10], [0.2, -0.0873439595088893, 0.037343959508889316, -0.013101593926333397, 0.006930848466190567, -0.0023395703439881062, 0.0013695220018849392, -0.00045491645577546515, 0.0002826132529250882, -9.30510932267997e-05, 6.011792403755186e-05, -1.9683885105669165e-05, 1.3075702903646024e-05, -4.264841772894986e-06, 2.8924591647837942e-06, -9.40773920491541e-07, 6.48385183813461e-07, -2.1043627168889732e-07, 1.469063640279003e-07, -4.759868050106011e-08, 3.3578765476877564e-08, -1.0864916201328938e-08, 7.73181636473073e-09, -2.4989307263056558e-09, 1.7914640326323597e-09]],