{"2": {"2": [[0.5, 0.16666666666666666], [0.5, -0.16666666666666666]], "3": [[0, 0.08333333333333333], [1, 0], [0, -0.08333333333333333]]}, "3": {"5": [[0.2, 0.0873439595088893, 0.03734395950888931], [0.3481549255879739, 0.05343827254768415, 0.0058426915783703105], [-0.0963098511759477, 0, -0.0030399688411859166], [0.3481549255879739, -0.05343827254768415, 0.0058426915783703105], [0.2, -0.0873439595088893, 0.03734395950888931]], "6": [[0.208, 0.09023186422416794, 0.038231864224167945], [0.312, 0.044673856616514795, 0.00439421553992544], [-0.020000000000000018, 0.014079606594985245, -0.0009594130974267187], [-0.020000000000000018, -0.014079606594985245, -0.0009594130974267187], [0.312, -0.044673856616514795, 0.00439421553992544], [0.208, -0.09023186422416794, 0.038231864224167945]]}, "4": {"11": [[0.51036828318256, -0.049257320617600624, 0.052045519554912885, -0.008235301472332607], [0.22382471258414566, -0.2895524308269375, 0.03633677666898074, -0.04663766564509837], [0.6843689271142808, 0.11255084526849567, 0.18273358777754972, 0.010151836824635182], [-0.6524091699522226, -0.10697955795048272, -0.17420752295411754, -0.009578870033047153], [-0.2234002620949449, 0.14747415808157568, -0.052449554606731216, 0.024067552868944384], [0.24634692940698233, -0.22663885334382056, 0.07708776515626697, -0.036675612968462626], [-0.1709256658544495, 0.1385319574298378, -0.05093894492292713, 0.02380668189612813], [-0.289173850490976, 0.48529130942502957, 0.006711121463423236, 0.08091427097737383], [0.300347315632746, -0.5090341381068756, -0.007345060422590248, -0.08487376989462997], [0.30325524407460885, -0.07657788913778073, 0.09764689845624618, -0.015073478861441843], [0.06739753639726904, -0.0563762360184674, 0.01776835061543876, -0.017688216309383192]]}}