{"2": {"12": [[0.0, 0.0], [0.0792036964311957, 0.061396893420291386], [0.209515106613362, 0.07612146549873261], [0.353172906049774, 0.05486940998004863], [-0.143851773179818, 0], [-0.0420650803577195, 0], [0.434336666566456, 0.05332376144345017], [0.21937695575349958, 0], [0.434336666566456, -0.05332376144345017], [-0.0420650803577195, 0], [-0.143851773179818, 0], [0.353172906049774, -0.05486940998004863], [0.209515106613362, -0.07612146549873261], [0.0792036964311957, -0.061396893420291386]]}, "3": {"20": [[0.0502627644003922, 0.022059009674017884, -0.000326878764898432], [0.148816447901042, 0.06325193140810957, 0.03156029484304291], [0.413514300428344, 0.03639087263834154, 0.05639771119273678], [-0.132385865767784, -0.0564220584435047, 4.713758165544868e-05], [0.0450798897943977, -0.029722051174027396, 0.0032603041391350658], [0.067307604692185, 0.030997085102486225, 0.001271609241968303], [-0.188054853819569, 0.07316095552711696, -0.008], [0.432666402578175, 0.086709890573243, 0.012967625], [0.54196067845078, -0.10825317547305482, 0], [-0.016404589403617997, 0, -0.00418], [-0.7255255585086897, 0, -0.019328939800613495], [-0.016404589403617997, 0, -0.00418], [0.54196067845078, 0.10825317547305482, 0], [0.432666402578175, -0.086709890573243, 0.012967625], [-0.188054853819569, -0.07316095552711696, -0.008], [0.067307604692185, -0.030997085102486225, 0.001271609241968303], [0.0450798897943977, 0.029722051174027396, 0.0032603041391350658], [-0.132385865767784, 0.0564220584435047, 4.713758165544868e-05], [0.413514300428344, -0.03639087263834154, 0.05639771119273678], [0.148816447901042, -0.06325193140810957, 0.03156029484304291], [0.0502627644003922, -0.022059009674017884, -0.000326878764898432], [0, 0, 0]]}}