{"1": {"1": [[1]]}, "2": {"2": [[0.5, 2.0], [0.5, -2.0]], "3": [[0.0, 1.0], [1.0, 0.0], [0.0, -1.0]]}, "3": {"5": [[-0.11015939263333957, 1.0481275141066717, 3.7219127116000754], [0.6957082088973866, 0.6412592705722098, -4.170639399712953], [-0.17109763252809357, 0.0, 0.8974533762257506], [0.6957082088973866, -0.6412592705722098, -4.170639399712953], [-0.11015939263333957, -1.0481275141066717, 3.7219127116000754]], "6": [[-0.10547796336251924, 1.0827823706900153, 3.7617355603502305], [0.6360867669011183, 0.5360862793981775, -3.8890412028134205], [-0.03060880353859926, 0.16895527913982294, 0.1273056424631909], [-0.03060880353859926, -0.16895527913982294, 0.1273056424631909], [0.6360867669011183, -0.5360862793981775, -3.8890412028134205], [-0.10547796336251924, -1.0827823706900153, 3.7617355603502305]]}, "4": {"11": [[0.3676458438370669, -0.23547242794035214, 1.712669272145918, -2.370769463139036], [-0.041446046720383115, -2.1286127410789937, 3.1832491116543458, -8.973442858961707], [-1.2011737306561137, 4.1775419287904, 22.626511893244732, -18.84621190378968], [1.1451922119192615, -4.0003414324064055, -21.57121658245781, 18.110578246670748], [0.28409272938734215, 0.952189651161538, -6.089915897787445, 5.450001638782471], [-0.6020358861782941, -1.5941565540322382, 10.180593787023318, -7.503397907290722], [0.37950142567139555, 0.39109041086402263, -6.605125098310141, 8.475287188626874], [-0.7513079855560442, 2.4128543963802085, 5.545609620780819, 22.73760877813431], [0.7859573665125323, -2.530577002271079, -5.827320610557434, -23.85221770007619], [-0.7823791776758221, 0.5875194364720236, 13.027613061005173, -10.043027374169279], [-0.11488080233772593, 3.2008331485558905, 2.1873400648199404, -25.84898653851666]]}}