{"2": {"12": [[0.0, 0.0], [0.0792036964311957, 0.7367627210434966], [0.209515106613362, 0.9134575859847913], [0.353172906049774, 0.6584329197605836], [-0.143851773179818, 0.0], [-0.0420650803577195, 0.0], [0.434336666566456, 0.6398851373214021], [0.21937695575349958, 0.0], [0.434336666566456, -0.6398851373214021], [-0.0420650803577195, 0.0], [-0.143851773179818, 0.0], [0.353172906049774, -0.6584329197605836], [0.209515106613362, -0.9134575859847913], [0.0792036964311957, -0.7367627210434966]]}, "3": {"20": [[0.11799440137435893, 0.2647081160882146, -0.8127796436876007], [-0.1385674148682991, 0.7590231768973148, 3.448606353232093], [0.08444150807272222, 0.43669047166009844, 3.948873508267461], [-0.2985752617023457, -0.6770647013220564, 1.9942727512147407], [0.05252518995036883, -0.3566646140883287, -0.08934360187165369], [0.1323679719278917, 0.3719650212298347, -0.7807244068284804], [-0.30312342109403023, 0.8779314663254035, 1.380822807293535], [0.7789850308008938, 1.040518686878916, -4.155823538672625], [1.2194115265142549, -1.299038105676658, -8.1294101767617], [0.025789673841859498, 0.0, -0.50633115894573], [-1.3424984096353494, 0.0, 7.403674213519917], [0.025789673841859498, 0.0, -0.50633115894573], [1.2194115265142549, 1.299038105676658, -8.1294101767617], [0.7789850308008938, -1.040518686878916, -4.155823538672625], [-0.30312342109403023, -0.8779314663254035, 1.380822807293535], [0.1323679719278917, -0.3719650212298347, -0.7807244068284804], [0.05252518995036883, 0.3566646140883287, -0.08934360187165369], [-0.2985752617023457, 0.6770647013220564, 1.9942727512147407], [0.08444150807272222, -0.43669047166009844, 3.948873508267461], [-0.1385674148682991, -0.7590231768973148, 3.448606353232093], [0.11799440137435893, -0.2647081160882146, -0.8127796436876007], [0.0, 0.0, 0.0]]}}