{"4": {"11": [[0.1697155310439332, 0.15286614694461592, 0.11916737874598136, 0.06861922644802956], [0.37942080751600543, 0.148839980923181, -0.11588082918662808, -0.18855524666841264], [0.46945930664405056, -0.3798442378393635, 0.0228988147294629, 0.5718550435801308], [-0.44822592739107087, 0.36288985741098995, -0.022565582830528473, -0.5445075171416134], [-0.2939244731063176, -0.026255628265819383, 0.09676150913162039, 1.8330145571671744e-05], [0.4471095105867986, 0, -0.2007625811798162, 0], [-0.2939244731063176, 0.026255628265819383, 0.09676150913162039, -1.8330145571671744e-05], [-0.44822592739107087, -0.36288985741098995, -0.022565582830528473, 0.5445075171416134], [0.46945930664405056, 0.3798442378393635, 0.0228988147294629, -0.5718550435801308], [0.37942080751600543, -0.148839980923181, -0.11588082918662808, 0.18855524666841264], [0.1697155310439332, -0.15286614694461592, 0.11916737874598136, -0.06861922644802956]]}, "2": {"2": [[-0.038675134594812866, 0.5386751345948129], [0.5386751345948129, -0.038675134594812866]], "3": [[-0.14433756729740643, 0.14433756729740643], [0.5, 0.5], [0.14433756729740643, -0.14433756729740643]]}, "3": {"5": [[0.011719298173049935, -0.048959730059262026, 0.2372404318862121], [-0.04951287461452351, 0.30920364839883846, 0.08846415180365895], [-0.010133229470619717, -0.07604339223470825, -0.010133229470619717], [0.08846415180365895, 0.30920364839883846, -0.04951287461452351], [0.2372404318862121, -0.048959730059262026, 0.011719298173049935]], "6": [[0.01095071160140941, -0.04687909482778633, 0.2439283832263769], [-0.043026315762455136, 0.28270522973383033, 0.07232108602862475], [-0.021374737612599053, -0.013603912683821892, 0.014978650296420926], [0.014978650296420926, -0.013603912683821892, -0.021374737612599053], [0.07232108602862475, 0.28270522973383033, -0.043026315762455136], [0.2439283832263769, -0.04687909482778633, 0.01095071160140941]]}}