{"2": {"12": [[0.0, 0.0], [-0.06674069061523813, 0.1459443870464338], [-0.027088692483725245, 0.23660379909708726], [0.08154984715811596, 0.27162305889165805], [-0.071925886589909, -0.071925886589909], [-0.02103254017885975, -0.02103254017885975], [0.12480886921248996, 0.309527797353966], [0.10968847787674979, 0.10968847787674979], [0.309527797353966, 0.12480886921248996], [-0.02103254017885975, -0.02103254017885975], [-0.071925886589909, -0.071925886589909], [0.27162305889165805, 0.08154984715811596], [0.23660379909708726, -0.027088692483725245], [0.1459443870464338, -0.06674069061523813]]}, "3": {"20": [[-0.029567654916761284, 0.05244195616638175, 0.02738846315077175], [0.023543090490455606, -0.06158551771924404, 0.1868588751298304], [0.14101195608170528, 0.0375295591434321, 0.23497278520320655], [0.07299768950899659, -0.13270011631215364, -0.07268343896462694], [0.04923868353449445, 0.02334452886683059, -0.02750332260692735], [-0.035778367321073375, 0.058830209745729646, 0.044255762267528746], [-0.12111705411638182, -0.13472152048623565, 0.06778372078304848], [-0.0687165707138792, 0.34621556924484165, 0.15516740404721255], [0.13975424859373684, 0.5419606784507799, -0.13975424859373684], [-0.013933333333333332, 0.011462077263048666, -0.013933333333333332], [-0.06442979933537835, -0.596665959837933, -0.06442979933537835], [-0.013933333333333332, 0.011462077263048666, -0.013933333333333332], [-0.13975424859373684, 0.5419606784507799, 0.13975424859373684], [0.15516740404721255, 0.34621556924484165, -0.0687165707138792], [0.06778372078304848, -0.13472152048623565, -0.12111705411638182], [0.044255762267528746, 0.058830209745729646, -0.035778367321073375], [-0.02750332260692735, 0.02334452886683059, 0.04923868353449445], [-0.07268343896462694, -0.13270011631215364, 0.07299768950899659], [0.23497278520320655, 0.0375295591434321, 0.14101195608170528], [0.1868588751298304, -0.06158551771924404, 0.023543090490455606], [0.02738846315077175, 0.05244195616638175, -0.029567654916761284], [0.0, 0.0, 0.0]]}}